{"mu_acc": 0.9969202280044556, "sigma_acc": 0.00011934485375753421, "mu_roc": 0.9998544311300234, "sigma_roc": 2.1377604406380934e-05, "mu_loss": 0.016841579622522855, "sigma_loss": 0.00024778968502051616}