{"mu_acc_mu": 0.9969202280044556, "mu_acc_sigma": 0.0001431452622326248, "sigma_acc_mu": 0.002395638658762104, "sigma_acc_sigma": 0.00011934485375753421, "mu_roc_mu": 0.9998544311300234, "mu_roc_sigma": 1.4762823197626253e-05, "sigma_roc_mu": 0.0002462853571994591, "sigma_roc_sigma": 2.1377604406380934e-05, "mu_loss_mu": 0.016841579622522855, "mu_loss_sigma": 0.000274020884756525, "sigma_loss_mu": 0.004558975987700829, "sigma_loss_sigma": 0.00024778968502051616}